<pkg-contents spec="1.12">
  <f n="prefix" o="root" g="wheel" p="16877" pt="prefix" m="false" t="file">
    <f n="local" o="root" g="wheel" p="16877">
      <f n="bin" o="root" g="wheel" p="16877">
        <f n="mosh" o="root" g="wheel" p="33261">
          <mod>group</mod>
          <mod>owner</mod>
        </f>
        <f n="mosh-client" o="root" g="wheel" p="33261">
          <mod>group</mod>
          <mod>owner</mod>
        </f>
        <f n="mosh-server" o="root" g="wheel" p="33261">
          <mod>group</mod>
          <mod>owner</mod>
        </f>
        <mod>group</mod>
        <mod>owner</mod>
      </f>
      <f n="share" o="root" g="wheel" p="16877">
        <f n="man" o="root" g="wheel" p="16877">
          <f n="man1" o="root" g="wheel" p="16877">
            <f n="mosh-client.1" o="root" g="wheel" p="33188">
              <mod>group</mod>
              <mod>owner</mod>
            </f>
            <f n="mosh-server.1" o="root" g="wheel" p="33188">
              <mod>group</mod>
              <mod>owner</mod>
            </f>
            <f n="mosh.1" o="root" g="wheel" p="33188">
              <mod>group</mod>
              <mod>owner</mod>
            </f>
            <mod>group</mod>
            <mod>owner</mod>
          </f>
          <mod>group</mod>
          <mod>owner</mod>
        </f>
        <mod>group</mod>
        <mod>owner</mod>
      </f>
      <mod>group</mod>
      <mod>owner</mod>
    </f>
    <mod>group</mod>
    <mod>owner</mod>
  </f>
</pkg-contents>
